"replicate","pvalue","Contemporaneous","Cospeciation","Transfer","Duplication","Loss","time_inconsistency"
1,0.037962,22,3,17,0,0,13
2,0.007992,22,4,16,0,0,12
3,0.025974,22,5,15,0,0,10
4,0.53047,22,3,15,2,0,14
5,0.314685,22,4,15,1,0,11
6,0.341658,22,4,15,1,0,7
7,0.393606,22,4,14,2,0,12
8,0.034965,22,3,17,0,0,13
9,0.121878,22,5,14,1,0,7
10,0.408591,22,4,14,2,0,12
11,0.027972,22,5,15,0,0,10
12,0.227772,22,3,16,1,0,14
13,0.090909,22,4,16,0,0,7
14,0.260739,22,3,16,1,0,14
15,0.156843,22,5,14,1,0,10
16,0.252747,22,3,16,1,0,13
17,0.044955,22,3,17,0,0,14
18,0.022977,22,4,16,0,0,11
19,0.04995,22,3,17,0,0,14
20,0.652348,22,3,15,2,0,13
21,0.4995,22,2,17,1,0,16
22,0.008991,22,4,16,0,0,12
23,0.018981,22,5,15,0,0,7
24,0.028971,22,4,16,0,0,11
25,0.270729,22,3,16,1,0,13
26,0.271728,22,3,16,1,0,12
27,0.031968,22,3,17,0,0,13
28,0.462537,22,2,17,1,0,16
29,0.331668,22,4,15,1,0,7
30,0.264735,22,3,16,1,0,12
31,0.270729,22,3,16,1,0,13
32,0.261738,22,3,16,1,0,13
33,0.314685,22,4,15,1,0,7
34,0.274725,22,3,16,1,0,12
35,0.112887,22,4,15,1,0,13
36,0.043956,22,3,17,0,0,13
37,0.586414,22,3,15,2,0,13
38,0.073926,22,4,15,1,0,12
39,0.251748,22,3,16,1,0,13
40,0.246753,22,3,16,1,0,13
41,0.181818,22,2,18,0,0,15
42,0.36963,22,4,15,1,0,7
43,0.387612,22,4,14,2,0,13
44,0.509491,22,2,17,1,0,16
45,0.058941,22,3,17,0,0,14
46,0.236763,22,3,16,1,0,14
47,0.247752,22,3,16,1,0,13
48,0.415584,22,5,13,2,0,7
49,0.160839,22,2,18,0,0,15
50,0.08991,22,4,15,1,0,13
